<?xml version="1.0" encoding="UTF-8"?><rss version="2.0"
	xmlns:content="http://purl.org/rss/1.0/modules/content/"
	xmlns:dc="http://purl.org/dc/elements/1.1/"
	xmlns:atom="http://www.w3.org/2005/Atom"
	xmlns:sy="http://purl.org/rss/1.0/modules/syndication/"
	
	>
<channel>
	<title>
	Commenti a: Abito maxi con maniche a fessura e cintura	</title>
	<atom:link href="/prodotto/abito-maxi-con-maniche-a-fessura-e-cintura/feed/#038;v=2a47ad90f2ae" rel="self" type="application/rss+xml" />
	<link>/prodotto/abito-maxi-con-maniche-a-fessura-e-cintura/</link>
	<description></description>
	<lastBuildDate>Wed, 22 Mar 2023 16:02:48 +0000</lastBuildDate>
	<sy:updatePeriod>
	hourly	</sy:updatePeriod>
	<sy:updateFrequency>
	1	</sy:updateFrequency>
	<generator>https://wordpress.org/?v=6.1.1</generator>
</channel>
</rss>
