<?xml version="1.0" encoding="UTF-8"?><rss version="2.0"
	xmlns:content="http://purl.org/rss/1.0/modules/content/"
	xmlns:wfw="http://wellformedweb.org/CommentAPI/"
	xmlns:dc="http://purl.org/dc/elements/1.1/"
	xmlns:atom="http://www.w3.org/2005/Atom"
	xmlns:sy="http://purl.org/rss/1.0/modules/syndication/"
	xmlns:slash="http://purl.org/rss/1.0/modules/slash/"
	>

<channel>
	<title>L &#8211; LUXURY</title>
	<atom:link href="/taglia/l/feed/#038;v=2a47ad90f2ae" rel="self" type="application/rss+xml" />
	<link>/</link>
	<description></description>
	<lastBuildDate>Wed, 22 Mar 2023 16:05:31 +0000</lastBuildDate>
	<language>it-IT</language>
	<sy:updatePeriod>
	hourly	</sy:updatePeriod>
	<sy:updateFrequency>
	1	</sy:updateFrequency>
	<generator>https://wordpress.org/?v=6.1.1</generator>

<image>
	<url>/wp-content/uploads/2023/03/logo-cg-100x100.png</url>
	<title>L &#8211; LUXURY</title>
	<link>/</link>
	<width>32</width>
	<height>32</height>
</image> 
	<item>
		<title>Abito maxi con maniche a fessura e cintura</title>
		<link>/prodotto/abito-maxi-con-maniche-a-fessura-e-cintura/</link>
					<comments>/prodotto/abito-maxi-con-maniche-a-fessura-e-cintura/#respond</comments>
		
		<dc:creator><![CDATA[Chiara]]></dc:creator>
		<pubDate>Wed, 22 Mar 2023 15:21:03 +0000</pubDate>
				<guid isPermaLink="false">/?post_type=product#038;p=157</guid>

					<description><![CDATA[<div class="product-intro__description-table-item" tabindex="0" role="text">
<div class="key">Stile: Festa</div>
</div>
<div class="product-intro__description-table-item" tabindex="0" role="text">
<div class="key">Tipo di motivo: Colore unico</div>
</div>
<div class="product-intro__description-table-item" tabindex="0" role="text">
<div class="key">Dettaglio: Cintura, Aperta, Fessura alta</div>
</div>]]></description>
										<content:encoded><![CDATA[<div class="product-intro__description-table-item" tabindex="0" role="text"></div>
<div class="product-intro__description-table-item" tabindex="0" role="text">
<div class="key">
<div class="product-intro__description-table-item" tabindex="0" role="text">
<div class="key">Tipo: A linea</div>
</div>
<div class="product-intro__description-table-item" tabindex="0" role="text">
<div class="key">Scollatura: Scollatura profonda</div>
</div>
<div class="product-intro__description-table-item" tabindex="0" role="text">
<div class="key">Lunghezza manica: Manica lunga</div>
</div>
<div class="product-intro__description-table-item" tabindex="0" role="text">
<div class="key">Tipo di manica: Aperta</div>
</div>
<div class="product-intro__description-table-item" tabindex="0" role="text">
<div class="key">Linea vita: Vita alta</div>
</div>
<div class="product-intro__description-table-item" tabindex="0" role="text">
<div class="key">Orlo/ Forma: Aperta</div>
</div>
<div class="product-intro__description-table-item" tabindex="0" role="text">
<div class="key">Lunghezza: Maxi</div>
</div>
<div class="product-intro__description-table-item" tabindex="0" role="text">
<div class="key">Tipo di montaggio: Forma normale</div>
</div>
<div class="product-intro__description-table-item" tabindex="0" role="text">
<div class="key">Tessuto: Abbastanza Elasticizzato</div>
</div>
<div class="product-intro__description-table-item" tabindex="0" role="text">
<div class="key">Tessuto: Raso</div>
</div>
<div class="product-intro__description-table-item" tabindex="0" role="text">
<div class="key">Composizione: 95% Cotone, 5% Elastane</div>
</div>
<div class="product-intro__description-table-item" tabindex="0" role="text">
<div class="key">Istruzioni Lavaggio: Lavare a mano (non lavare a secco)</div>
</div>
<div class="product-intro__description-table-item" tabindex="0" role="text">
<div class="key">Fodera: Parte superiore foderata, parte inferiore sfoderata</div>
</div>
<div class="product-intro__description-table-item" tabindex="0" role="text">
<div class="key">Cintura: Sì</div>
</div>
</div>
</div>
]]></content:encoded>
					
					<wfw:commentRss>/prodotto/abito-maxi-con-maniche-a-fessura-e-cintura/feed/</wfw:commentRss>
			<slash:comments>0</slash:comments>
		
		
			</item>
		<item>
		<title>Abito da ballo con spalle scoperte e cintura</title>
		<link>/prodotto/hoodie-with-logo-2/</link>
					<comments>/prodotto/hoodie-with-logo-2/#respond</comments>
		
		<dc:creator><![CDATA[Chiara]]></dc:creator>
		<pubDate>Mon, 20 Mar 2023 13:32:22 +0000</pubDate>
				<guid isPermaLink="false">/prodotto/hoodie-with-logo-2/</guid>

					<description><![CDATA[<div class="product-intro__description-table-item" tabindex="0" role="text">
<div class="key">Colore: Viola</div>
</div>
<div class="product-intro__description-table-item" tabindex="0" role="text">
<div class="key">Stile: Festa</div>
<div class="key">Tipo di motivo: Colore unico</div>
</div>
<div class="product-intro__description-table-item" tabindex="0" role="text">
<div class="key">Dettaglio: Cintura, Plissettato, Strass, Cerniera, Fessura alta</div>
</div>
<div class="product-intro__description-table-item" tabindex="0" role="text">
<div class="key">Tipo: A linea</div>
</div>
<div class="product-intro__description-table-item" tabindex="0" role="text">
<div class="key">Scollatura: Spalle scoperte</div>
</div>
<div class="product-intro__description-table-item" tabindex="0" role="text">
<div class="key">Lunghezza manica: Corte</div>
</div>
<div class="product-intro__description-table-item" tabindex="0" role="text">
<div class="key">Linea vita: Vita alta</div>
</div>
<div class="product-intro__description-table-item" tabindex="0" role="text">
<div class="key">Orlo/ Forma: Aperta</div>
</div>
<div class="product-intro__description-table-item" tabindex="0" role="text">
<div class="key">Lunghezza: Maxi</div>
</div>
<div class="product-intro__description-table-item" tabindex="0" role="text">
<div class="key">Tipo di montaggio: Forma normale</div>
</div>
<div class="product-intro__description-table-item" tabindex="0" role="text">
<div class="key">Tessuto: Non-Elastico</div>
</div>
<div class="product-intro__description-table-item" tabindex="0" role="text">
<div class="key">Tessuto: Raso</div>
</div>
<div class="product-intro__description-table-item" tabindex="0" role="text">
<div class="key">Composizione: 95% Raso, 5% Elastane</div>
</div>
<div class="product-intro__description-table-item" tabindex="0" role="text">
<div class="key">Istruzioni Lavaggio: Lavare a mano (non lavare a secco)</div>
</div>
<div class="product-intro__description-table-item" tabindex="0" role="text">
<div class="key">Cintura: Sì</div>
</div>]]></description>
										<content:encoded><![CDATA[		<div data-elementor-type="wp-post" data-elementor-id="14" class="elementor elementor-14">
									<section class="elementor-section elementor-top-section elementor-element elementor-element-16be9457 elementor-section-boxed elementor-section-height-default elementor-section-height-default" data-id="16be9457" data-element_type="section">
						<div class="elementor-container elementor-column-gap-default">
					<div class="elementor-column elementor-col-100 elementor-top-column elementor-element elementor-element-735c127d" data-id="735c127d" data-element_type="column">
			<div class="elementor-widget-wrap elementor-element-populated">
								<div class="elementor-element elementor-element-7edb04a7 elementor-widget elementor-widget-text-editor" data-id="7edb04a7" data-element_type="widget" data-widget_type="text-editor.default">
				<div class="elementor-widget-container">
			<style>/*! elementor - v3.11.5 - 14-03-2023 */
.elementor-widget-text-editor.elementor-drop-cap-view-stacked .elementor-drop-cap{background-color:#818a91;color:#fff}.elementor-widget-text-editor.elementor-drop-cap-view-framed .elementor-drop-cap{color:#818a91;border:3px solid;background-color:transparent}.elementor-widget-text-editor:not(.elementor-drop-cap-view-default) .elementor-drop-cap{margin-top:8px}.elementor-widget-text-editor:not(.elementor-drop-cap-view-default) .elementor-drop-cap-letter{width:1em;height:1em}.elementor-widget-text-editor .elementor-drop-cap{float:left;text-align:center;line-height:1;font-size:50px}.elementor-widget-text-editor .elementor-drop-cap-letter{display:inline-block}</style>				<div class="product-intro__description-table-item" tabindex="0" role="text">
<div class="key">Colore: Viola</div>
</div>
<div class="product-intro__description-table-item" tabindex="0" role="text">
<div class="key">Stile: Festa</div>
<div class="key">Tipo di motivo: Colore unico</div>
</div>
<div class="product-intro__description-table-item" tabindex="0" role="text">
<div class="key">Dettaglio: Cintura, Plissettato, Strass, Cerniera, Fessura alta</div>
</div>
<div class="product-intro__description-table-item" tabindex="0" role="text">
<div class="key">Tipo: A linea</div>
</div>
<div class="product-intro__description-table-item" tabindex="0" role="text">
<div class="key">Scollatura: Spalle scoperte</div>
</div>
<div class="product-intro__description-table-item" tabindex="0" role="text">
<div class="key">Lunghezza manica: Corte</div>
</div>
<div class="product-intro__description-table-item" tabindex="0" role="text">
<div class="key">Linea vita: Vita alta</div>
</div>
<div class="product-intro__description-table-item" tabindex="0" role="text">
<div class="key">Orlo/ Forma: Aperta</div>
</div>
<div class="product-intro__description-table-item" tabindex="0" role="text">
<div class="key">Lunghezza: Maxi</div>
</div>
<div class="product-intro__description-table-item" tabindex="0" role="text">
<div class="key">Tipo di montaggio: Forma normale</div>
</div>
<div class="product-intro__description-table-item" tabindex="0" role="text">
<div class="key">Tessuto: Non-Elastico</div>
</div>
<div class="product-intro__description-table-item" tabindex="0" role="text">
<div class="key">Tessuto: Raso</div>
</div>
<div class="product-intro__description-table-item" tabindex="0" role="text">
<div class="key">Composizione: 95% Raso, 5% Elastane</div>
</div>
<div class="product-intro__description-table-item" tabindex="0" role="text">
<div class="key">Istruzioni Lavaggio: Lavare a mano (non lavare a secco)</div>
</div>
<div class="product-intro__description-table-item" tabindex="0" role="text">
<div class="key">Cintura: Sì</div>
</div>						</div>
				</div>
					</div>
		</div>
							</div>
		</section>
							</div>
		]]></content:encoded>
					
					<wfw:commentRss>/prodotto/hoodie-with-logo-2/feed/</wfw:commentRss>
			<slash:comments>0</slash:comments>
		
		
			</item>
	</channel>
</rss>
