<?xml version="1.0" encoding="UTF-8"?><rss version="2.0"
	xmlns:content="http://purl.org/rss/1.0/modules/content/"
	xmlns:wfw="http://wellformedweb.org/CommentAPI/"
	xmlns:dc="http://purl.org/dc/elements/1.1/"
	xmlns:atom="http://www.w3.org/2005/Atom"
	xmlns:sy="http://purl.org/rss/1.0/modules/syndication/"
	xmlns:slash="http://purl.org/rss/1.0/modules/slash/"
	>

<channel>
	<title>tailleur &#8211; LUXURY</title>
	<atom:link href="/tag-prodotto/tailleur/feed/#038;v=2a47ad90f2ae" rel="self" type="application/rss+xml" />
	<link>/</link>
	<description></description>
	<lastBuildDate>Wed, 22 Mar 2023 15:04:48 +0000</lastBuildDate>
	<language>it-IT</language>
	<sy:updatePeriod>
	hourly	</sy:updatePeriod>
	<sy:updateFrequency>
	1	</sy:updateFrequency>
	<generator>https://wordpress.org/?v=6.1.1</generator>

<image>
	<url>/wp-content/uploads/2023/03/logo-cg-100x100.png</url>
	<title>tailleur &#8211; LUXURY</title>
	<link>/</link>
	<width>32</width>
	<height>32</height>
</image> 
	<item>
		<title>Blazer e pantaloni con manica a sbuffo e doppio bottone</title>
		<link>/prodotto/blazer-e-pantaloni-con-manica-a-sbuffo-e-doppio-bottone/</link>
					<comments>/prodotto/blazer-e-pantaloni-con-manica-a-sbuffo-e-doppio-bottone/#respond</comments>
		
		<dc:creator><![CDATA[Chiara]]></dc:creator>
		<pubDate>Wed, 22 Mar 2023 15:04:48 +0000</pubDate>
				<guid isPermaLink="false">/?post_type=product#038;p=145</guid>

					<description><![CDATA[<div class="product-intro__attr-list-textli">
<div class="product-intro__attr-list-textname">Tessuto: Leggero Elastico</div>
</div>
<div class="product-intro__attr-list-textli">
<div class="product-intro__attr-list-textname">Tipo di montaggio: Forma normale</div>
</div>]]></description>
										<content:encoded><![CDATA[<div class="product-intro__attr-list-textli">
<div class="product-intro__attr-list-textname">
<div class="product-intro__description-table-item" tabindex="0" role="text">
<div class="key">Colore: nero</div>
</div>
<div class="product-intro__description-table-item" tabindex="0" role="text">
<div class="key">Stile: Elegante</div>
</div>
<div class="product-intro__description-table-item" tabindex="0" role="text">
<div class="key">Tipo di motivo: Colore unico</div>
</div>
<div class="product-intro__description-table-item" tabindex="0" role="text">
<div class="key">Tipo di top: Classico</div>
</div>
<div class="product-intro__description-table-item" tabindex="0" role="text">
<div class="key">Tipo di slip: Sotto di costume</div>
</div>
<div class="product-intro__description-table-item" tabindex="0" role="text">
<div class="key">Scollatura: collo risvolto dentellato</div>
</div>
<div class="product-intro__description-table-item" tabindex="0" role="text">
<div class="key">Lunghezza manica: Manica lunga</div>
</div>
<div class="product-intro__description-table-item" tabindex="0" role="text">
<div class="key">Tipo di manica: manica a sbuffo</div>
</div>
<div class="product-intro__description-table-item" tabindex="0" role="text">
<div class="key">Top Tessuto: Tessuto</div>
</div>
<div class="product-intro__description-table-item" tabindex="0" role="text">
<div class="key">Top Composizione: 100% Poliestere</div>
</div>
<div class="product-intro__description-table-item" tabindex="0" role="text">
<div class="key">Istruzioni Lavaggio: Lavaggio in lavatrice o lavaggio a secco professionale</div>
</div>
</div>
</div>
]]></content:encoded>
					
					<wfw:commentRss>/prodotto/blazer-e-pantaloni-con-manica-a-sbuffo-e-doppio-bottone/feed/</wfw:commentRss>
			<slash:comments>0</slash:comments>
		
		
			</item>
	</channel>
</rss>
