<?xml version="1.0" encoding="UTF-8"?><rss version="2.0"
	xmlns:content="http://purl.org/rss/1.0/modules/content/"
	xmlns:wfw="http://wellformedweb.org/CommentAPI/"
	xmlns:dc="http://purl.org/dc/elements/1.1/"
	xmlns:atom="http://www.w3.org/2005/Atom"
	xmlns:sy="http://purl.org/rss/1.0/modules/syndication/"
	xmlns:slash="http://purl.org/rss/1.0/modules/slash/"
	>

<channel>
	<title>Clothing &#8211; LUXURY</title>
	<atom:link href="/categoria-prodotto/clothing/feed/#038;v=2a47ad90f2ae" rel="self" type="application/rss+xml" />
	<link>/</link>
	<description></description>
	<lastBuildDate>Wed, 22 Mar 2023 16:05:31 +0000</lastBuildDate>
	<language>it-IT</language>
	<sy:updatePeriod>
	hourly	</sy:updatePeriod>
	<sy:updateFrequency>
	1	</sy:updateFrequency>
	<generator>https://wordpress.org/?v=6.1.1</generator>

<image>
	<url>/wp-content/uploads/2023/03/logo-cg-100x100.png</url>
	<title>Clothing &#8211; LUXURY</title>
	<link>/</link>
	<width>32</width>
	<height>32</height>
</image> 
	<item>
		<title>Abito maxi con maniche a fessura e cintura</title>
		<link>/prodotto/abito-maxi-con-maniche-a-fessura-e-cintura/</link>
					<comments>/prodotto/abito-maxi-con-maniche-a-fessura-e-cintura/#respond</comments>
		
		<dc:creator><![CDATA[Chiara]]></dc:creator>
		<pubDate>Wed, 22 Mar 2023 15:21:03 +0000</pubDate>
				<guid isPermaLink="false">/?post_type=product#038;p=157</guid>

					<description><![CDATA[<div class="product-intro__description-table-item" tabindex="0" role="text">
<div class="key">Stile: Festa</div>
</div>
<div class="product-intro__description-table-item" tabindex="0" role="text">
<div class="key">Tipo di motivo: Colore unico</div>
</div>
<div class="product-intro__description-table-item" tabindex="0" role="text">
<div class="key">Dettaglio: Cintura, Aperta, Fessura alta</div>
</div>]]></description>
										<content:encoded><![CDATA[<div class="product-intro__description-table-item" tabindex="0" role="text"></div>
<div class="product-intro__description-table-item" tabindex="0" role="text">
<div class="key">
<div class="product-intro__description-table-item" tabindex="0" role="text">
<div class="key">Tipo: A linea</div>
</div>
<div class="product-intro__description-table-item" tabindex="0" role="text">
<div class="key">Scollatura: Scollatura profonda</div>
</div>
<div class="product-intro__description-table-item" tabindex="0" role="text">
<div class="key">Lunghezza manica: Manica lunga</div>
</div>
<div class="product-intro__description-table-item" tabindex="0" role="text">
<div class="key">Tipo di manica: Aperta</div>
</div>
<div class="product-intro__description-table-item" tabindex="0" role="text">
<div class="key">Linea vita: Vita alta</div>
</div>
<div class="product-intro__description-table-item" tabindex="0" role="text">
<div class="key">Orlo/ Forma: Aperta</div>
</div>
<div class="product-intro__description-table-item" tabindex="0" role="text">
<div class="key">Lunghezza: Maxi</div>
</div>
<div class="product-intro__description-table-item" tabindex="0" role="text">
<div class="key">Tipo di montaggio: Forma normale</div>
</div>
<div class="product-intro__description-table-item" tabindex="0" role="text">
<div class="key">Tessuto: Abbastanza Elasticizzato</div>
</div>
<div class="product-intro__description-table-item" tabindex="0" role="text">
<div class="key">Tessuto: Raso</div>
</div>
<div class="product-intro__description-table-item" tabindex="0" role="text">
<div class="key">Composizione: 95% Cotone, 5% Elastane</div>
</div>
<div class="product-intro__description-table-item" tabindex="0" role="text">
<div class="key">Istruzioni Lavaggio: Lavare a mano (non lavare a secco)</div>
</div>
<div class="product-intro__description-table-item" tabindex="0" role="text">
<div class="key">Fodera: Parte superiore foderata, parte inferiore sfoderata</div>
</div>
<div class="product-intro__description-table-item" tabindex="0" role="text">
<div class="key">Cintura: Sì</div>
</div>
</div>
</div>
]]></content:encoded>
					
					<wfw:commentRss>/prodotto/abito-maxi-con-maniche-a-fessura-e-cintura/feed/</wfw:commentRss>
			<slash:comments>0</slash:comments>
		
		
			</item>
		<item>
		<title>Blazer e pantaloni con manica a sbuffo e doppio bottone</title>
		<link>/prodotto/blazer-e-pantaloni-con-manica-a-sbuffo-e-doppio-bottone/</link>
					<comments>/prodotto/blazer-e-pantaloni-con-manica-a-sbuffo-e-doppio-bottone/#respond</comments>
		
		<dc:creator><![CDATA[Chiara]]></dc:creator>
		<pubDate>Wed, 22 Mar 2023 15:04:48 +0000</pubDate>
				<guid isPermaLink="false">/?post_type=product#038;p=145</guid>

					<description><![CDATA[<div class="product-intro__attr-list-textli">
<div class="product-intro__attr-list-textname">Tessuto: Leggero Elastico</div>
</div>
<div class="product-intro__attr-list-textli">
<div class="product-intro__attr-list-textname">Tipo di montaggio: Forma normale</div>
</div>]]></description>
										<content:encoded><![CDATA[<div class="product-intro__attr-list-textli">
<div class="product-intro__attr-list-textname">
<div class="product-intro__description-table-item" tabindex="0" role="text">
<div class="key">Colore: nero</div>
</div>
<div class="product-intro__description-table-item" tabindex="0" role="text">
<div class="key">Stile: Elegante</div>
</div>
<div class="product-intro__description-table-item" tabindex="0" role="text">
<div class="key">Tipo di motivo: Colore unico</div>
</div>
<div class="product-intro__description-table-item" tabindex="0" role="text">
<div class="key">Tipo di top: Classico</div>
</div>
<div class="product-intro__description-table-item" tabindex="0" role="text">
<div class="key">Tipo di slip: Sotto di costume</div>
</div>
<div class="product-intro__description-table-item" tabindex="0" role="text">
<div class="key">Scollatura: collo risvolto dentellato</div>
</div>
<div class="product-intro__description-table-item" tabindex="0" role="text">
<div class="key">Lunghezza manica: Manica lunga</div>
</div>
<div class="product-intro__description-table-item" tabindex="0" role="text">
<div class="key">Tipo di manica: manica a sbuffo</div>
</div>
<div class="product-intro__description-table-item" tabindex="0" role="text">
<div class="key">Top Tessuto: Tessuto</div>
</div>
<div class="product-intro__description-table-item" tabindex="0" role="text">
<div class="key">Top Composizione: 100% Poliestere</div>
</div>
<div class="product-intro__description-table-item" tabindex="0" role="text">
<div class="key">Istruzioni Lavaggio: Lavaggio in lavatrice o lavaggio a secco professionale</div>
</div>
</div>
</div>
]]></content:encoded>
					
					<wfw:commentRss>/prodotto/blazer-e-pantaloni-con-manica-a-sbuffo-e-doppio-bottone/feed/</wfw:commentRss>
			<slash:comments>0</slash:comments>
		
		
			</item>
		<item>
		<title>Abito da ballo con spalle scoperte ed orlo a sirena</title>
		<link>/prodotto/abito-da-ballo-con-spalle-scoperte-ed-orlo-a-sirena/</link>
					<comments>/prodotto/abito-da-ballo-con-spalle-scoperte-ed-orlo-a-sirena/#respond</comments>
		
		<dc:creator><![CDATA[Chiara]]></dc:creator>
		<pubDate>Tue, 21 Mar 2023 13:28:14 +0000</pubDate>
				<guid isPermaLink="false">/?post_type=product#038;p=64</guid>

					<description><![CDATA[<div class="product-intro__description-table-item" tabindex="0" role="text">
<div class="key">Stile: Festa</div>
</div>
<div class="product-intro__description-table-item" tabindex="0" role="text">
<div class="key">Tipo di motivo: Colore unico</div>
</div>
<div class="product-intro__description-table-item" tabindex="0" role="text">
<div class="key">Dettaglio: Plissettato, Cerniera</div>
</div>]]></description>
										<content:encoded><![CDATA[		<div data-elementor-type="wp-post" data-elementor-id="64" class="elementor elementor-64">
									<section class="elementor-section elementor-top-section elementor-element elementor-element-187c394 elementor-section-boxed elementor-section-height-default elementor-section-height-default" data-id="187c394" data-element_type="section">
						<div class="elementor-container elementor-column-gap-default">
					<div class="elementor-column elementor-col-100 elementor-top-column elementor-element elementor-element-53f2b54" data-id="53f2b54" data-element_type="column">
			<div class="elementor-widget-wrap elementor-element-populated">
								<div class="elementor-element elementor-element-ba1fba2 elementor-widget elementor-widget-heading" data-id="ba1fba2" data-element_type="widget" data-widget_type="heading.default">
				<div class="elementor-widget-container">
			<style>/*! elementor - v3.11.5 - 14-03-2023 */
.elementor-heading-title{padding:0;margin:0;line-height:1}.elementor-widget-heading .elementor-heading-title[class*=elementor-size-]>a{color:inherit;font-size:inherit;line-height:inherit}.elementor-widget-heading .elementor-heading-title.elementor-size-small{font-size:15px}.elementor-widget-heading .elementor-heading-title.elementor-size-medium{font-size:19px}.elementor-widget-heading .elementor-heading-title.elementor-size-large{font-size:29px}.elementor-widget-heading .elementor-heading-title.elementor-size-xl{font-size:39px}.elementor-widget-heading .elementor-heading-title.elementor-size-xxl{font-size:59px}</style><h2 class="elementor-heading-title elementor-size-xl">Abito da ballo con spalle scoperte ed orlo a sirena</h2>		</div>
				</div>
					</div>
		</div>
							</div>
		</section>
				<section class="elementor-section elementor-top-section elementor-element elementor-element-0547b72 elementor-section-boxed elementor-section-height-default elementor-section-height-default" data-id="0547b72" data-element_type="section">
						<div class="elementor-container elementor-column-gap-default">
					<div class="elementor-column elementor-col-50 elementor-top-column elementor-element elementor-element-5d45014" data-id="5d45014" data-element_type="column" data-settings="{&quot;background_background&quot;:&quot;classic&quot;}">
			<div class="elementor-widget-wrap elementor-element-populated">
								<div class="elementor-element elementor-element-66c8fa3 elementor-widget elementor-widget-image" data-id="66c8fa3" data-element_type="widget" data-widget_type="image.default">
				<div class="elementor-widget-container">
			<style>/*! elementor - v3.11.5 - 14-03-2023 */
.elementor-widget-image{text-align:center}.elementor-widget-image a{display:inline-block}.elementor-widget-image a img[src$=".svg"]{width:48px}.elementor-widget-image img{vertical-align:middle;display:inline-block}</style>												<img decoding="async" width="769" height="1024" src="/wp-content/uploads/2023/03/1664248194efc0f987065a9f3f06c55ab85cb32414_thumbnail_900x-769x1024.jpg" class="attachment-large size-large wp-image-65" alt="" srcset="/wp-content/uploads/2023/03/1664248194efc0f987065a9f3f06c55ab85cb32414_thumbnail_900x-769x1024.jpg 769w, /wp-content/uploads/2023/03/1664248194efc0f987065a9f3f06c55ab85cb32414_thumbnail_900x-416x554.jpg 416w, /wp-content/uploads/2023/03/1664248194efc0f987065a9f3f06c55ab85cb32414_thumbnail_900x-225x300.jpg 225w, /wp-content/uploads/2023/03/1664248194efc0f987065a9f3f06c55ab85cb32414_thumbnail_900x-768x1022.jpg 768w, /wp-content/uploads/2023/03/1664248194efc0f987065a9f3f06c55ab85cb32414_thumbnail_900x.jpg 900w" sizes="(max-width: 769px) 100vw, 769px" />															</div>
				</div>
					</div>
		</div>
				<div class="elementor-column elementor-col-50 elementor-top-column elementor-element elementor-element-e49ccbd" data-id="e49ccbd" data-element_type="column">
			<div class="elementor-widget-wrap elementor-element-populated">
								<div class="elementor-element elementor-element-4da1017 elementor-widget elementor-widget-spacer" data-id="4da1017" data-element_type="widget" data-widget_type="spacer.default">
				<div class="elementor-widget-container">
			<style>/*! elementor - v3.11.5 - 14-03-2023 */
.elementor-column .elementor-spacer-inner{height:var(--spacer-size)}.e-con{--container-widget-width:100%}.e-con-inner>.elementor-widget-spacer,.e-con>.elementor-widget-spacer{width:var(--container-widget-width,var(--spacer-size));--align-self:var(--container-widget-align-self,initial);--flex-shrink:0}.e-con-inner>.elementor-widget-spacer>.elementor-widget-container,.e-con-inner>.elementor-widget-spacer>.elementor-widget-container>.elementor-spacer,.e-con>.elementor-widget-spacer>.elementor-widget-container,.e-con>.elementor-widget-spacer>.elementor-widget-container>.elementor-spacer{height:100%}.e-con-inner>.elementor-widget-spacer>.elementor-widget-container>.elementor-spacer>.elementor-spacer-inner,.e-con>.elementor-widget-spacer>.elementor-widget-container>.elementor-spacer>.elementor-spacer-inner{height:var(--container-widget-height,var(--spacer-size))}</style>		<div class="elementor-spacer">
			<div class="elementor-spacer-inner"></div>
		</div>
				</div>
				</div>
				<div class="elementor-element elementor-element-2537123f elementor-widget elementor-widget-text-editor" data-id="2537123f" data-element_type="widget" data-widget_type="text-editor.default">
				<div class="elementor-widget-container">
			<style>/*! elementor - v3.11.5 - 14-03-2023 */
.elementor-widget-text-editor.elementor-drop-cap-view-stacked .elementor-drop-cap{background-color:#818a91;color:#fff}.elementor-widget-text-editor.elementor-drop-cap-view-framed .elementor-drop-cap{color:#818a91;border:3px solid;background-color:transparent}.elementor-widget-text-editor:not(.elementor-drop-cap-view-default) .elementor-drop-cap{margin-top:8px}.elementor-widget-text-editor:not(.elementor-drop-cap-view-default) .elementor-drop-cap-letter{width:1em;height:1em}.elementor-widget-text-editor .elementor-drop-cap{float:left;text-align:center;line-height:1;font-size:50px}.elementor-widget-text-editor .elementor-drop-cap-letter{display:inline-block}</style>				<div class="product-intro__description-table-item" tabindex="0" role="text"> </div><div class="product-intro__description-table-item" tabindex="0" role="text"><div class="key">Tipo: Aderente</div></div><div class="product-intro__description-table-item" tabindex="0" role="text"><div class="key">Scollatura: Spalle scoperte</div></div><div class="product-intro__description-table-item" tabindex="0" role="text"><div class="key">Linea vita: Vita alta</div></div><div class="product-intro__description-table-item" tabindex="0" role="text"><div class="key">Orlo/ Forma: Sirena</div></div><div class="product-intro__description-table-item" tabindex="0" role="text"><div class="key">Lunghezza: Maxi</div></div><div class="product-intro__description-table-item" tabindex="0" role="text"><div class="key">Tipo di montaggio: Forma Sottile</div></div><div class="product-intro__description-table-item" tabindex="0" role="text"><div class="key">Tessuto: Alto Elastico</div></div><div class="product-intro__description-table-item" tabindex="0" role="text"><div class="key">Tessuto: Raso</div></div><div class="product-intro__description-table-item" tabindex="0" role="text"><div class="key">Composizione: 95% raso, 5% cotone</div></div><div class="product-intro__description-table-item" tabindex="0" role="text"><div class="key">Istruzioni Lavaggio: Lavare a mano (non lavare a secco)</div></div>						</div>
				</div>
				<div class="elementor-element elementor-element-807f45d elementor-widget elementor-widget-image-carousel" data-id="807f45d" data-element_type="widget" data-settings="{&quot;slides_to_show&quot;:&quot;3&quot;,&quot;navigation&quot;:&quot;none&quot;,&quot;autoplay&quot;:&quot;yes&quot;,&quot;pause_on_hover&quot;:&quot;yes&quot;,&quot;pause_on_interaction&quot;:&quot;yes&quot;,&quot;autoplay_speed&quot;:5000,&quot;infinite&quot;:&quot;yes&quot;,&quot;speed&quot;:500}" data-widget_type="image-carousel.default">
				<div class="elementor-widget-container">
			<style>/*! elementor - v3.11.5 - 14-03-2023 */
.elementor-widget-image-carousel .swiper,.elementor-widget-image-carousel .swiper-container{position:static}.elementor-widget-image-carousel .swiper-container .swiper-slide figure,.elementor-widget-image-carousel .swiper .swiper-slide figure{line-height:inherit}.elementor-widget-image-carousel .swiper-slide{text-align:center}.elementor-image-carousel-wrapper:not(.swiper-container-initialized) .swiper-slide,.elementor-image-carousel-wrapper:not(.swiper-initialized) .swiper-slide{max-width:calc(100% / var(--e-image-carousel-slides-to-show, 3))}</style>		<div class="elementor-image-carousel-wrapper swiper" dir="ltr">
			<div class="elementor-image-carousel swiper-wrapper">
								<div class="swiper-slide"><figure class="swiper-slide-inner"><img decoding="async" class="swiper-slide-image" src="/wp-content/uploads/2023/03/1664248214485d60532d9b5ab501c5a4c100a99c45_thumbnail_900x-150x150.jpg" alt="1664248214485d60532d9b5ab501c5a4c100a99c45_thumbnail_900x" /></figure></div><div class="swiper-slide"><figure class="swiper-slide-inner"><img decoding="async" class="swiper-slide-image" src="/wp-content/uploads/2023/03/16716251652a8971c7559fd2fc014d457ac36a506f-150x150.jpg" alt="16716251652a8971c7559fd2fc014d457ac36a506f" /></figure></div><div class="swiper-slide"><figure class="swiper-slide-inner"><img decoding="async" class="swiper-slide-image" src="/wp-content/uploads/2023/03/1671625160a694b7269e8c7858d203b8704a4d5f62-150x150.jpg" alt="1671625160a694b7269e8c7858d203b8704a4d5f62" /></figure></div>			</div>
																</div>
				</div>
				</div>
					</div>
		</div>
							</div>
		</section>
							</div>
		]]></content:encoded>
					
					<wfw:commentRss>/prodotto/abito-da-ballo-con-spalle-scoperte-ed-orlo-a-sirena/feed/</wfw:commentRss>
			<slash:comments>0</slash:comments>
		
		
			</item>
		<item>
		<title>Abito da ballo con spalle scoperte e cintura</title>
		<link>/prodotto/hoodie-with-logo-2/</link>
					<comments>/prodotto/hoodie-with-logo-2/#respond</comments>
		
		<dc:creator><![CDATA[Chiara]]></dc:creator>
		<pubDate>Mon, 20 Mar 2023 13:32:22 +0000</pubDate>
				<guid isPermaLink="false">/prodotto/hoodie-with-logo-2/</guid>

					<description><![CDATA[<div class="product-intro__description-table-item" tabindex="0" role="text">
<div class="key">Colore: Viola</div>
</div>
<div class="product-intro__description-table-item" tabindex="0" role="text">
<div class="key">Stile: Festa</div>
<div class="key">Tipo di motivo: Colore unico</div>
</div>
<div class="product-intro__description-table-item" tabindex="0" role="text">
<div class="key">Dettaglio: Cintura, Plissettato, Strass, Cerniera, Fessura alta</div>
</div>
<div class="product-intro__description-table-item" tabindex="0" role="text">
<div class="key">Tipo: A linea</div>
</div>
<div class="product-intro__description-table-item" tabindex="0" role="text">
<div class="key">Scollatura: Spalle scoperte</div>
</div>
<div class="product-intro__description-table-item" tabindex="0" role="text">
<div class="key">Lunghezza manica: Corte</div>
</div>
<div class="product-intro__description-table-item" tabindex="0" role="text">
<div class="key">Linea vita: Vita alta</div>
</div>
<div class="product-intro__description-table-item" tabindex="0" role="text">
<div class="key">Orlo/ Forma: Aperta</div>
</div>
<div class="product-intro__description-table-item" tabindex="0" role="text">
<div class="key">Lunghezza: Maxi</div>
</div>
<div class="product-intro__description-table-item" tabindex="0" role="text">
<div class="key">Tipo di montaggio: Forma normale</div>
</div>
<div class="product-intro__description-table-item" tabindex="0" role="text">
<div class="key">Tessuto: Non-Elastico</div>
</div>
<div class="product-intro__description-table-item" tabindex="0" role="text">
<div class="key">Tessuto: Raso</div>
</div>
<div class="product-intro__description-table-item" tabindex="0" role="text">
<div class="key">Composizione: 95% Raso, 5% Elastane</div>
</div>
<div class="product-intro__description-table-item" tabindex="0" role="text">
<div class="key">Istruzioni Lavaggio: Lavare a mano (non lavare a secco)</div>
</div>
<div class="product-intro__description-table-item" tabindex="0" role="text">
<div class="key">Cintura: Sì</div>
</div>]]></description>
										<content:encoded><![CDATA[		<div data-elementor-type="wp-post" data-elementor-id="14" class="elementor elementor-14">
									<section class="elementor-section elementor-top-section elementor-element elementor-element-16be9457 elementor-section-boxed elementor-section-height-default elementor-section-height-default" data-id="16be9457" data-element_type="section">
						<div class="elementor-container elementor-column-gap-default">
					<div class="elementor-column elementor-col-100 elementor-top-column elementor-element elementor-element-735c127d" data-id="735c127d" data-element_type="column">
			<div class="elementor-widget-wrap elementor-element-populated">
								<div class="elementor-element elementor-element-7edb04a7 elementor-widget elementor-widget-text-editor" data-id="7edb04a7" data-element_type="widget" data-widget_type="text-editor.default">
				<div class="elementor-widget-container">
							<div class="product-intro__description-table-item" tabindex="0" role="text">
<div class="key">Colore: Viola</div>
</div>
<div class="product-intro__description-table-item" tabindex="0" role="text">
<div class="key">Stile: Festa</div>
<div class="key">Tipo di motivo: Colore unico</div>
</div>
<div class="product-intro__description-table-item" tabindex="0" role="text">
<div class="key">Dettaglio: Cintura, Plissettato, Strass, Cerniera, Fessura alta</div>
</div>
<div class="product-intro__description-table-item" tabindex="0" role="text">
<div class="key">Tipo: A linea</div>
</div>
<div class="product-intro__description-table-item" tabindex="0" role="text">
<div class="key">Scollatura: Spalle scoperte</div>
</div>
<div class="product-intro__description-table-item" tabindex="0" role="text">
<div class="key">Lunghezza manica: Corte</div>
</div>
<div class="product-intro__description-table-item" tabindex="0" role="text">
<div class="key">Linea vita: Vita alta</div>
</div>
<div class="product-intro__description-table-item" tabindex="0" role="text">
<div class="key">Orlo/ Forma: Aperta</div>
</div>
<div class="product-intro__description-table-item" tabindex="0" role="text">
<div class="key">Lunghezza: Maxi</div>
</div>
<div class="product-intro__description-table-item" tabindex="0" role="text">
<div class="key">Tipo di montaggio: Forma normale</div>
</div>
<div class="product-intro__description-table-item" tabindex="0" role="text">
<div class="key">Tessuto: Non-Elastico</div>
</div>
<div class="product-intro__description-table-item" tabindex="0" role="text">
<div class="key">Tessuto: Raso</div>
</div>
<div class="product-intro__description-table-item" tabindex="0" role="text">
<div class="key">Composizione: 95% Raso, 5% Elastane</div>
</div>
<div class="product-intro__description-table-item" tabindex="0" role="text">
<div class="key">Istruzioni Lavaggio: Lavare a mano (non lavare a secco)</div>
</div>
<div class="product-intro__description-table-item" tabindex="0" role="text">
<div class="key">Cintura: Sì</div>
</div>						</div>
				</div>
					</div>
		</div>
							</div>
		</section>
							</div>
		]]></content:encoded>
					
					<wfw:commentRss>/prodotto/hoodie-with-logo-2/feed/</wfw:commentRss>
			<slash:comments>0</slash:comments>
		
		
			</item>
	</channel>
</rss>
